variant_id,consequence,hgvsp,pval,beta,allele_count,homozygote_count,allele_number,allele_frequency
10-69416256-A-G,missense_variant,ENSP00000362403.4:p.Ile23Thr,3.55494108738857e-18,0.0216297724325692,170635,19779,735922,0.2318656053223032
10-69414982-C-A,missense_variant,ENSP00000362403.4:p.Ala184Ser,0.00117205065185044,2.95847768606477,1,0,735926,0.0000013588322738971037
10-69404995-G-A,missense_variant,ENSP00000362403.4:p.Ser343Phe,0.00181958175904873,2.00987326620696,2,0,735926,0.0000027176645477942074
10-69404842-G-C,missense_variant,ENSP00000362403.4:p.Thr394Ser,0.00260108604926549,1.94097403579183,3,0,730862,0.000004104742071690688
10-69405055-C-T,missense_variant,ENSP00000362403.4:p.Arg323His,0.00327509632797431,0.105321129130566,632,0,735924,0.0008587843309907001
10-69416262-G-A,missense_variant,ENSP00000362403.4:p.Thr21Met,0.00450267200666133,-0.780746615537401,11,0,735856,0.000014948576895479551
10-69416265-G-A,missense_variant,ENSP00000362403.4:p.Thr20Ile,0.0093163945187675,-1.67600736555058,2,0,735858,0.0000027179156848196255
10-69415103-A-C,synonymous_variant,ENSP00000362403.4:p.Leu143=,0.0117408641602603,-2.29692382854641,1,0,735926,0.0000013588322738971037
10-69407263-C-T,synonymous_variant,ENSP00000362403.4:p.Val253=,0.0122378449316491,-1.61485865166595,2,0,735926,0.0000027176645477942074
10-69409022-A-G,missense_variant,ENSP00000362403.4:p.Phe214Ser,0.0126023933963693,-0.081941077816875,758,0,735926,0.0010299948636140047
10-69407115-T-A,missense_variant,ENSP00000362403.4:p.Asn303Tyr,0.0135280218130022,-2.25112119743288,1,0,735926,0.0000013588322738971037
10-69408955-A-T,synonymous_variant,ENSP00000362403.4:p.Gly236=,0.0148832732879996,0.509294849655424,16,0,735920,0.00002174149364061311
10-69408931-G-A,synonymous_variant,ENSP00000362403.4:p.Ala244=,0.0149677755705751,2.21793708651753,1,0,731662,0.0000013667513141313886
10-69416209-C-A,missense_variant,ENSP00000362403.4:p.Ala39Ser,0.0155335162811469,-2.20563643562339,1,0,735926,0.0000013588322738971037
10-69415978-C-T,missense_variant,ENSP00000362403.4:p.Ala116Thr,0.022663528788244,1.03873075131906,4,0,735912,0.000005435432497363815
10-69415118-G-A,synonymous_variant,ENSP00000362403.4:p.Pro138=,0.0241260779157605,-0.619816243883478,11,0,735926,0.000014947155012868142
10-69404902-C-T,missense_variant,ENSP00000362403.4:p.Gly374Glu,0.0257074939721839,2.03329617031954,1,0,735922,0.000001358839659637842
10-69416271-C-T,missense_variant,ENSP00000362403.4:p.Ser18Asn,0.026220832129938,1.013149161005,4,0,735856,0.000005435846143810746
10-69404994-G-A,synonymous_variant,ENSP00000362403.4:p.Ser343=,0.026355958356243,0.0342597463424208,3450,9,735922,0.0046879968257505554
10-69404928-G-A,synonymous_variant,ENSP00000362403.4:p.Pro365=,0.0280607492680963,1.00107944029022,4,0,735884,0.000005435639312717765
10-69408952-GGCACCGTGC-G,inframe_deletion,ENSP00000362403.4:p.His235_Ala237del,0.0285562040635077,1.15230964737165,3,0,735922,0.000004076518978913526
10-69407195-T-C,missense_variant,ENSP00000362403.4:p.Gln276Arg,0.0291575693031511,-1.40602841181986,2,0,735926,0.0000027176645477942074
10-69407148-G-C,missense_variant,ENSP00000362403.4:p.Leu292Val,0.0315839996251401,-1.95947584799865,1,0,735926,0.0000013588322738971037
10-69415963-T-C,missense_variant,ENSP00000362403.4:p.Ile121Val,0.034359297015184,0.642897331275384,8,0,735926,0.00001087065819117683
10-69405067-C-T,missense_variant,ENSP00000362403.4:p.Arg319Gln,0.0391613687207521,-1.32940648707381,2,0,735926,0.0000027176645477942074
10-69415018-C-T,missense_variant,ENSP00000362403.4:p.Val172Ile,0.0409859343085068,0.56170656234067,8,0,735926,0.00001087065819117683
10-69415948-C-T,missense_variant,ENSP00000362403.4:p.Ala126Thr,0.0443842109647967,1.05809257624779,2,0,735926,0.0000027176645477942074
10-69407237-C-G,missense_variant,ENSP00000362403.4:p.Cys262Ser,0.0464608851510026,1.04793891876349,3,0,735926,0.000004076496821691311
10-69405023-C-T,missense_variant,ENSP00000362403.4:p.Asp334Asn,0.0467605400047578,-1.2816812372525,2,0,735926,0.0000027176645477942074
10-69416181-A-T,missense_variant,ENSP00000362403.4:p.Val48Glu,0.0488460633124732,1.7956735192244,1,0,735926,0.0000013588322738971037
10-69407271-T-C,missense_variant,ENSP00000362403.4:p.Thr251Ala,0.049200810561932,0.317015598822671,28,0,735924,0.00003804740706920823
10-69415116-A-C,missense_variant,ENSP00000362403.4:p.Phe139Cys,0.0495454951222077,-1.26584111941127,1,0,735926,0.0000013588322738971037
10-69415031-G-A,synonymous_variant,ENSP00000362403.4:p.Cys167=,0.0497819677155639,1.26451929293041,2,0,735926,0.0000027176645477942074
10-69408933-C-T,missense_variant,ENSP00000362403.4:p.Ala244Thr,0.0503222153878446,-1.78408201670752,1,0,735872,0.000001358931988171856
10-69414960-C-T,missense_variant,ENSP00000362403.4:p.Gly191Asp,0.0526949101897726,0.238191900111628,50,0,735926,0.0000679416136948552
10-69414965-G-A,synonymous_variant,ENSP00000362403.4:p.Ser189=,0.0614443274518238,0.273012465909473,38,0,735924,0.0000516357667367826
10-69416032-T-C,missense_variant,ENSP00000362403.4:p.Ile98Val,0.0649579105383932,-0.971279732557472,3,0,735908,0.000004076596531088125
10-69407110-G-A,synonymous_variant,ENSP00000362403.4:p.Pro304=,0.0660159615943423,1.67573647810949,1,0,735926,0.0000013588322738971037
10-69409053-G-C,missense_variant,ENSP00000362403.4:p.Leu204Val,0.0718427038483685,-1.64093510412384,1,0,735926,0.0000013588322738971037
10-69404947-A-C,missense_variant,ENSP00000362403.4:p.Met359Arg,0.0764825844001991,1.61477583285199,1,0,735926,0.0000013588322738971037
10-69405084-C-A,missense_variant,ENSP00000362403.4:p.Arg313Ser,0.0800604678378285,-0.797788104399489,4,0,735902,0.0000054355063581835625
10-69416131-G-T,missense_variant,ENSP00000362403.4:p.Arg65Ser,0.0814756306544584,1.58807655752869,1,0,735922,0.000001358839659637842
10-69408953-G-A,missense_variant,ENSP00000362403.4:p.Ala237Val,0.0850612857357984,-0.29667143168735,29,0,735916,0.00003940667141358525
10-69407256-C-A,missense_variant,ENSP00000362403.4:p.Val256Leu,0.0867618612967692,-1.10397112261299,1,0,735926,0.0000013588322738971037
10-69404904-C-T,synonymous_variant,ENSP00000362403.4:p.Ala373=,0.0888506496929289,0.144655912197409,117,0,735918,0.0001589851043186877
10-69405017-G-A,missense_variant,ENSP00000362403.4:p.Leu336Phe,0.0892692824393287,-0.89431448409881,2,0,735924,0.0000027176719335148736
10-69407178-G-A,missense_variant,ENSP00000362403.4:p.His282Tyr,0.0909111262816006,-1.541068777803,1,0,735926,0.0000013588322738971037
10-69408952-G-A,synonymous_variant,ENSP00000362403.4:p.Ala237=,0.0914531509131668,-1.53861794963637,1,0,735922,0.000001358839659637842
10-69407261-A-AGC,frameshift_variant,ENSP00000362403.4:p.Leu254ArgfsTer5,0.0944658539295939,1.52437379167905,1,0,735926,0.0000013588322738971037
10-69409030-C-T,synonymous_variant,ENSP00000362403.4:p.Ala211=,0.107840938421753,0.366452488616743,16,0,735926,0.00002174131638235366
10-69409035-G-A,missense_variant,ENSP00000362403.4:p.Leu210Phe,0.111258171690366,1.4517099057664,1,0,735926,0.0000013588322738971037
10-69408940-G-T,missense_variant,ENSP00000362403.4:p.His241Gln,0.111346108376787,-0.838061002204592,3,0,735910,0.000004076585452025383
10-69408999-G-C,missense_variant,ENSP00000362403.4:p.Leu222Val,0.113620742384382,0.456062687308116,12,0,735924,0.000016306031601089244
10-69405079-C-T,missense_variant,ENSP00000362403.4:p.Arg315His,0.124342363241912,0.177939065160163,58,0,735916,0.0000788133428271705
10-69404940-C-G,synonymous_variant,ENSP00000362403.4:p.Gly361=,0.124460896601609,-1.40041221341642,1,0,735926,0.0000013588322738971037
10-69414973-C-T,missense_variant,ENSP00000362403.4:p.Glu187Lys,0.124509520023885,0.159589707147057,75,0,735926,0.00010191242054228278
10-69408934-C-T,synonymous_variant,ENSP00000362403.4:p.Gln243=,0.125143655758038,0.279592655228711,26,0,735914,0.00003533021521536484
10-69407268-T-C,missense_variant,ENSP00000362403.4:p.Met252Val,0.128857109279866,-1.38438512495386,1,0,735926,0.0000013588322738971037
10-69415131-G-A,missense_variant,ENSP00000362403.4:p.Ala134Val,0.131304847852134,-1.37552528400695,1,0,735926,0.0000013588322738971037
10-69415932-C-T,missense_variant,ENSP00000362403.4:p.Arg131Lys,0.133698010347741,-0.611363614022211,5,0,735926,0.000006794161369485519
10-69416096-C-G,synonymous_variant,ENSP00000362403.4:p.Ala76=,0.13440290332539,-1.36458434362442,1,0,735926,0.0000013588322738971037
10-69409003-G-C,missense_variant,ENSP00000362403.4:p.Ile220Met,0.136557726371235,-1.35704519651373,1,0,735926,0.0000013588322738971037
10-69405056-G-A,missense_variant,ENSP00000362403.4:p.Arg323Cys,0.140169252180801,-0.508242948843005,7,0,735924,0.000009511851767302058
10-69415051-C-T,missense_variant,ENSP00000362403.4:p.Ala161Thr,0.140257054217523,0.0434047152359,927,1,735926,0.0012596375179026152
10-69415107-C-T,missense_variant,ENSP00000362403.4:p.Arg142Gln,0.141330687760893,-0.423984855540174,9,0,735926,0.000012229490465073934
10-69415080-A-G,missense_variant,ENSP00000362403.4:p.Val151Ala,0.141692442650492,-1.33952294571151,1,0,735926,0.0000013588322738971037
10-69416045-A-G,synonymous_variant,ENSP00000362403.4:p.Tyr93=,0.145641667324333,0.1150347010697,123,1,735926,0.00016713636968934377
10-69407152-CAGGTAGA-C,frameshift_variant,ENSP00000362403.4:p.Val288GlyfsTer8,0.151184190860436,-0.755423403893696,3,0,735926,0.000004076496821691311
10-69407216-T-C,missense_variant,ENSP00000362403.4:p.Tyr269Cys,0.154762652341678,-0.748912999496758,5,0,735926,0.000006794161369485519
10-69409068-G-T,missense_variant,ENSP00000362403.4:p.Leu199Ile,0.154901022749767,0.748615024282001,3,0,735926,0.000004076496821691311
10-69416136-C-T,splice_acceptor_variant,,0.156054228203807,0.488731502971226,7,0,735926,0.000009511825917279727
10-69404983-C-G,missense_variant,ENSP00000362403.4:p.Arg347Thr,0.157333080997764,-0.744218043400714,3,0,735926,0.000004076496821691311
10-69407253-G-C,missense_variant,ENSP00000362403.4:p.Leu257Val,0.15842558614958,-0.525010944588265,5,0,735926,0.000006794161369485519
10-69405064-A-G,missense_variant,ENSP00000362403.4:p.Leu320Pro,0.165663746016786,0.729582113244746,1,0,735924,0.0000013588359667574368
10-69416130-C-T,missense_variant,ENSP00000362403.4:p.Arg65His,0.167198147783258,-0.233822170400384,29,0,735924,0.00003940624303596567
10-69408987-T-C,missense_variant,ENSP00000362403.4:p.Arg226Gly,0.168438180917381,1.25539912824364,1,0,735926,0.0000013588322738971037
10-69405043-C-T,stop_gained,ENSP00000362403.4:p.Trp327Ter,0.169610920898493,-0.417331756860963,9,0,735926,0.000012229490465073934
10-69415111-G-C,missense_variant,ENSP00000362403.4:p.Pro141Ala,0.175531877239627,0.466718207078496,7,0,735926,0.000009511825917279727
10-69416080-T-C,missense_variant,ENSP00000362403.4:p.Met82Val,0.175940568304273,-1.23367396694756,1,0,735926,0.0000013588322738971037
10-69408984-G-C,missense_variant,ENSP00000362403.4:p.Arg227Gly,0.177610506519185,1.22891684434112,1,0,735926,0.0000013588322738971037
10-69414993-T-C,missense_variant,ENSP00000362403.4:p.Lys180Arg,0.182931935480747,0.350461503936465,11,0,735926,0.000014947155012868142
10-69404918-T-C,missense_variant,ENSP00000362403.4:p.Thr369Ala,0.184444733291099,-1.20978729276131,1,0,735926,0.0000013588322738971037
10-69408961-C-A,synonymous_variant,ENSP00000362403.4:p.Ala234=,0.190853287146765,-0.84314842988971,2,0,735918,0.000002717694090917738
10-69408958-G-A,synonymous_variant,ENSP00000362403.4:p.His235=,0.197667529873734,1.17425763865422,1,0,735918,0.000001358847045458869
10-69416261-C-T,synonymous_variant,ENSP00000362403.4:p.Thr21=,0.202974785509868,0.438641296595647,7,0,735856,0.000009512730751668804
10-69404897-G-A,missense_variant,ENSP00000362403.4:p.Pro376Ser,0.203396565926473,1.15942930335562,1,0,735926,0.0000013588322738971037
10-69415950-G-T,missense_variant,ENSP00000362403.4:p.Thr125Asn,0.204388012951565,-1.15691605371434,1,0,735926,0.0000013588322738971037
10-69415965-C-T,missense_variant,ENSP00000362403.4:p.Ser120Asn,0.207200627379158,-1.14973914708122,1,0,735922,0.000001358839659637842
10-69408949-G-C,missense_variant,ENSP00000362403.4:p.Asn238Lys,0.213690532584183,0.654423170670958,3,0,735926,0.000004076496821691311
10-69407248-C-T,synonymous_variant,ENSP00000362403.4:p.Thr258=,0.2165181339004,-0.154750379453657,57,0,735926,0.00007745343961213492
10-69416027-C-T,stop_gained,ENSP00000362403.4:p.Trp99Ter,0.220561323113702,1.11666821079011,1,0,735926,0.0000013588322738971037
10-69416079-A-G,missense_variant,ENSP00000362403.4:p.Met82Thr,0.229934105496639,0.54717670338827,4,0,735926,0.000005435329095588415
10-69408929-A-C,missense_variant,ENSP00000362403.4:p.Met245Arg,0.230700994452717,-0.138796355289126,57,1,735794,0.00007746733460724062
10-69405044-AT-A,frameshift_variant,ENSP00000362403.4:p.Trp327GlyfsTer12,0.233931440254597,0.485233857895319,5,0,735926,0.000006794161369485519
10-69407136-C-T,missense_variant,ENSP00000362403.4:p.Ala296Thr,0.235255114330345,-1.08193506350861,2,0,735924,0.0000027176719335148736
10-69416062-C-T,missense_variant,ENSP00000362403.4:p.Ala88Thr,0.246586632003628,-0.33400589863524,9,0,735926,0.000012229490465073934
10-69404905-G-A,missense_variant,ENSP00000362403.4:p.Ala373Val,0.249703768524325,-0.605790691153133,3,0,735920,0.0000040765300576149586
10-69416018-G-T,synonymous_variant,ENSP00000362403.4:p.Gly102=,0.253057472092165,1.04187579044161,1,0,735924,0.0000013588359667574368
10-69404893-T-C,missense_variant,ENSP00000362403.4:p.Gln377Arg,0.253454033873751,-1.0409931770083,1,0,735920,0.0000013588433525383194
10-69414987-A-G,missense_variant,ENSP00000362403.4:p.Val182Ala,0.254339016293478,-0.599899456688158,3,0,735926,0.000004076496821691311
10-69407116-G-GT,stop_gained,ENSP00000362403.4:p.Tyr302Ter,0.254943187802813,1.03771583041602,1,0,735926,0.0000013588322738971037
10-69416019-C-A,missense_variant,ENSP00000362403.4:p.Gly102Val,0.256014288834731,1.03547880099467,1,0,735926,0.0000013588322738971037
10-69415993-G-A,missense_variant,ENSP00000362403.4:p.Leu111Phe,0.261406056800277,1.02375062152555,1,0,735926,0.0000013588322738971037
10-69408944-C-T,missense_variant,ENSP00000362403.4:p.Arg240His,0.263307140932165,-1.01967646352507,1,0,735926,0.0000013588322738971037
10-69415946-G-T,synonymous_variant,ENSP00000362403.4:p.Ala126=,0.263697055350665,0.72041465787253,2,0,735926,0.0000027176645477942074
10-69416050-CA-C,frameshift_variant,ENSP00000362403.4:p.Phe91LeufsTer34,0.264953504904642,-1.01615788345796,1,0,735926,0.0000013588322738971037
10-69404930-G-A,missense_variant,ENSP00000362403.4:p.Pro365Ser,0.26769491499796,-0.71443919614392,1,0,735924,0.0000013588359667574368
10-69415980-G-A,missense_variant,ENSP00000362403.4:p.Thr115Ile,0.27081827451459,0.334597790850498,8,0,735922,0.000010870717277102736
10-69415954-T-C,missense_variant,ENSP00000362403.4:p.Met124Val,0.272593596725806,1.00008993308911,1,0,735926,0.0000013588322738971037
10-69408923-T-C,missense_variant,ENSP00000362403.4:p.Lys247Arg,0.273414327738567,-0.998525594356181,1,0,726080,0.0000013772587042750111
10-69405008-T-A,missense_variant,ENSP00000362403.4:p.Thr339Ser,0.274329427739612,-0.996848386317278,1,0,735926,0.0000013588322738971037
10-69416131-G-A,missense_variant,ENSP00000362403.4:p.Arg65Cys,0.276573063802256,0.149534265568268,42,0,735920,0.000057071420806609416
10-69415052-G-A,synonymous_variant,ENSP00000362403.4:p.Leu160=,0.278319029061021,0.329404629739641,8,0,735926,0.00001087065819117683
10-69416112-A-T,missense_variant,ENSP00000362403.4:p.Phe71Tyr,0.278913217385239,-0.986977983858324,1,0,735926,0.0000013588322738971037
10-69404865-A-G,synonymous_variant,ENSP00000362403.4:p.Tyr386=,0.279574749886103,0.985646240171518,1,0,735626,0.0000013593864273421548
10-69414968-G-C,missense_variant,ENSP00000362403.4:p.Asp188Glu,0.282270939876249,0.980117217272748,1,0,735926,0.0000013588322738971037
10-69407279-A-G,missense_variant,ENSP00000362403.4:p.Phe248Ser,0.28480739372513,0.308318587841895,10,0,735926,0.000013588322738971039
10-69415936-C-T,missense_variant,ENSP00000362403.4:p.Asp130Asn,0.286812079548604,-0.202462551075095,23,0,735926,0.00003125314229963339
10-69416074-C-A,missense_variant,ENSP00000362403.4:p.Ala84Ser,0.290888620838954,-0.0451930657379381,438,0,735926,0.0005951685359669314
10-69414991-A-C,missense_variant,ENSP00000362403.4:p.Cys181Gly,0.292769387643521,-0.958996125018505,1,0,735926,0.0000013588322738971037
10-69409036-C-G,synonymous_variant,ENSP00000362403.4:p.Pro209=,0.292903543163394,0.958745765194752,1,0,735926,0.0000013588322738971037
10-69405051-G-A,synonymous_variant,ENSP00000362403.4:p.Cys324=,0.299586536733061,-0.545926744117144,3,0,735926,0.000004076496821691311
10-69416103-T-C,missense_variant,ENSP00000362403.4:p.Asn74Ser,0.301139507433838,-0.192403205705421,25,0,735924,0.000033970899168935925
10-69409011-T-G,missense_variant,ENSP00000362403.4:p.Ser218Arg,0.301751905181175,0.941333006226925,1,0,735926,0.0000013588322738971037
10-69416046-T-C,missense_variant,ENSP00000362403.4:p.Tyr93Cys,0.313325979020053,0.229777157461797,19,0,735926,0.000025817813204044973
10-69416253-G-A,missense_variant,ENSP00000362403.4:p.Thr24Ile,0.316085415980029,-0.646199170718853,2,0,735828,0.0000027180264953222763
10-69405068-G-A,missense_variant,ENSP00000362403.4:p.Arg319Trp,0.323407708818569,0.34022275340022,6,0,735926,0.000008152993643382622
10-69416007-C-T,missense_variant,ENSP00000362403.4:p.Cys106Tyr,0.324192746847644,0.898670449183564,1,0,735906,0.0000013588692034036955
10-69408988-C-T,stop_gained,ENSP00000362403.4:p.Trp225Ter,0.324194363232314,-0.898664545577347,1,0,735926,0.0000013588322738971037
10-69416015-A-G,synonymous_variant,ENSP00000362403.4:p.Arg103=,0.325046697391043,-0.448544396994081,4,0,735926,0.000005435329095588415
10-69415018-C-A,missense_variant,ENSP00000362403.4:p.Val172Phe,0.326955408581091,-0.893554389039911,1,0,735926,0.0000013588322738971037
10-69416285-T-C,synonymous_variant,ENSP00000362403.4:p.Ser13=,0.327629232798204,-0.399061295332882,5,0,730128,0.000006848114303245459
10-69408929-A-T,missense_variant,ENSP00000362403.4:p.Met245Lys,0.328023622967323,0.0862168704394534,735695,367798,735796,0.9998627336924909
10-69405034-G-T,missense_variant,ENSP00000362403.4:p.Pro330His,0.33364457545055,0.881275281880074,1,0,735924,0.0000013588359667574368
10-69408971-C-T,missense_variant,ENSP00000362403.4:p.Gly231Glu,0.337728943375247,0.0368660796204104,550,0,735926,0.0007473577506434071
10-69416300-A-G,synonymous_variant,ENSP00000362403.4:p.Thr8=,0.34126567648596,0.500849202892329,2,0,735912,0.0000027177162486819076
10-69404952-C-A,missense_variant,ENSP00000362403.4:p.Leu357Phe,0.343012786318331,0.864350287945264,1,0,735926,0.0000013588322738971037
10-69405049-C-T,missense_variant,ENSP00000362403.4:p.Cys325Tyr,0.346135940891295,0.495819454265807,5,0,735926,0.000006794161369485519
10-69409067-A-T,missense_variant,ENSP00000362403.4:p.Leu199His,0.347690861128312,-0.323550530225724,8,0,735926,0.00001087065819117683
10-69408955-A-C,synonymous_variant,ENSP00000362403.4:p.Gly236=,0.35055087104073,-0.85094293269539,1,0,735920,0.0000013588433525383194
10-69409063-C-T,synonymous_variant,ENSP00000362403.4:p.Val200=,0.355176553203012,-0.842816016085062,1,0,735926,0.0000013588322738971037
10-69416097-G-A,missense_variant,ENSP00000362403.4:p.Ala76Val,0.356356846257353,-0.158891857536068,27,0,735926,0.0000366884713952218
10-69404911-C-A,missense_variant,ENSP00000362403.4:p.Gly371Val,0.35672457502225,-0.216921319482657,13,0,735926,0.00001766481956066235
10-69405080-G-A,missense_variant,ENSP00000362403.4:p.Arg315Cys,0.358325201860157,0.141542173548809,32,0,735910,0.00004348357815493742
10-69415020-G-A,missense_variant,ENSP00000362403.4:p.Thr171Ile,0.358798844168311,0.591480997984448,2,0,735926,0.0000027176645477942074
10-69416017-G-A,missense_variant,ENSP00000362403.4:p.Arg103Cys,0.359053549885147,0.482684863872838,3,0,735926,0.000004076496821691311
10-69414971-T-C,synonymous_variant,ENSP00000362403.4:p.Glu187=,0.361277834860544,0.832173306214362,1,0,735926,0.0000013588322738971037
10-69416299-C-T,missense_variant,ENSP00000362403.4:p.Glu9Lys,0.362882549888677,-0.829469272864537,1,0,735912,0.0000013588581243409538
10-69405014-C-T,missense_variant,ENSP00000362403.4:p.Glu337Lys,0.363535979883848,-0.478205407784493,3,0,735924,0.000004076507900272311
10-69405057-G-C,missense_variant,ENSP00000362403.4:p.Phe322Leu,0.369870146735343,-0.21105965752288,13,0,735924,0.00001766486756784668
10-69415034-C-T,synonymous_variant,ENSP00000362403.4:p.Gln166=,0.370591615573101,-0.471215261985435,3,0,735926,0.000004076496821691311
10-69404848-G-A,missense_variant,ENSP00000362403.4:p.Thr392Ile,0.372290787566369,0.257182876864615,10,0,732620,0.00001364964101444132
10-69416195-C-A,synonymous_variant,ENSP00000362403.4:p.Leu43=,0.376163659216447,0.570440857792151,1,0,735926,0.0000013588322738971037
10-69405047-G-A,missense_variant,ENSP00000362403.4:p.Pro326Ser,0.377662218510174,0.359643927329537,5,0,735926,0.000006794161369485519
10-69415070-G-A,synonymous_variant,ENSP00000362403.4:p.Gly154=,0.377987456730477,0.80364294871628,1,0,735926,0.0000013588322738971037
10-69416031-ATGT-A,inframe_deletion,ENSP00000362403.4:p.Asn97del,0.381227972508252,0.282206051734768,8,0,735926,0.00001087065819117683
10-69416110-T-C,missense_variant,ENSP00000362403.4:p.Ile72Val,0.385965579167687,-0.79026791241993,2,0,735926,0.0000027176645477942074
10-69404986-G-A,missense_variant,ENSP00000362403.4:p.Thr346Met,0.388099184431511,0.0301315647569619,657,1,735914,0.0008927673614036423
10-69414968-G-A,synonymous_variant,ENSP00000362403.4:p.Asp188=,0.390569799781814,-0.782640212412361,1,0,735926,0.0000013588322738971037
10-69405026-C-T,missense_variant,ENSP00000362403.4:p.Glu333Lys,0.39126141123324,0.78149521058973,1,0,735926,0.0000013588322738971037
10-69407207-A-C,missense_variant,ENSP00000362403.4:p.Leu272Arg,0.397792998702167,0.445043188794222,3,0,735926,0.000004076496821691311
10-69404879-GC-G,frameshift_variant,ENSP00000362403.4:p.Leu382TyrfsTer29,0.398704424104514,0.769298726327025,1,0,735872,0.000001358931988171856
10-69404945-C-T,missense_variant,ENSP00000362403.4:p.Ala360Thr,0.40125830852269,-0.765135852692331,1,0,735926,0.0000013588322738971037
10-69414966-C-CT,frameshift_variant,ENSP00000362403.4:p.Ser189LysfsTer147,0.401292130634937,-0.541055508709316,2,0,735926,0.0000027176645477942074
10-69416023-A-G,missense_variant,ENSP00000362403.4:p.Phe101Leu,0.411465818581437,-0.529385589220916,2,0,735926,0.0000027176645477942074
10-69416277-G-A,missense_variant,ENSP00000362403.4:p.Pro16Leu,0.418881027398507,0.736860932556554,1,0,735922,0.000001358839659637842
10-69414996-G-T,missense_variant,ENSP00000362403.4:p.Thr179Asn,0.42439454952341,0.728160524252554,1,0,735926,0.0000013588322738971037
10-69416222-T-A,synonymous_variant,ENSP00000362403.4:p.Ala34=,0.426366573947801,-0.512695233071928,2,0,735842,0.0000027179747826299666
10-69415986-G-C,missense_variant,ENSP00000362403.4:p.Pro113Arg,0.431894230147433,0.716438509409572,1,0,735926,0.0000013588322738971037
10-69414945-A-G,missense_variant,ENSP00000362403.4:p.Leu196Pro,0.432821341627296,-0.50557935648112,2,0,735926,0.0000027176645477942074
10-69415082-C-T,synonymous_variant,ENSP00000362403.4:p.Ala150=,0.434990418587912,0.129934775640205,31,0,735926,0.00004212380049081022
10-69415110-G-T,missense_variant,ENSP00000362403.4:p.Pro141His,0.439592312555525,0.704526720787663,1,0,735926,0.0000013588322738971037
10-69416227-G-A,synonymous_variant,ENSP00000362403.4:p.Leu33=,0.440753138210058,-0.35136524669741,5,0,735840,0.000006794955425092411
10-69404980-A-T,missense_variant,ENSP00000362403.4:p.Val348Asp,0.442981457430105,0.699302725099882,1,0,735922,0.000001358839659637842
10-69404925-G-T,synonymous_variant,ENSP00000362403.4:p.Ser366=,0.44309690100114,0.699132027835386,1,0,735924,0.0000013588359667574368
10-69405015-G-A,synonymous_variant,ENSP00000362403.4:p.Leu336=,0.444307208782934,-0.201295683703095,13,0,735924,0.00001766486756784668
10-69414954-G-A,missense_variant,ENSP00000362403.4:p.Thr193Met,0.447402427971272,0.0468126697805566,206,0,735922,0.0002799209698853955
10-69416310-T-C,missense_variant,ENSP00000362403.4:p.Asp5Gly,0.457398341220615,-0.0631786045089832,118,0,735924,0.00016034264407737756
10-69404860-A-G,missense_variant,ENSP00000362403.4:p.Leu388Ser,0.458796989671879,0.255240244006738,6,0,735516,0.000008157538381218084
10-69405054-GCGGAAGGCAAGC-G,inframe_deletion,ENSP00000362403.4:p.Leu320_Arg323del,0.460640054905327,0.672524660718592,1,0,735926,0.0000013588322738971037
10-69404915-T-G,missense_variant,ENSP00000362403.4:p.Ser370Arg,0.460999600580274,-0.475190143919281,2,0,735926,0.0000027176645477942074
10-69414953-C-A,synonymous_variant,ENSP00000362403.4:p.Thr193=,0.464603265204958,-0.666594591126942,2,0,735924,0.0000027176719335148736
10-69416096-C-T,synonymous_variant,ENSP00000362403.4:p.Ala76=,0.465125165387682,-0.121580409086053,28,0,735926,0.00003804730366911891
10-69415069-T-C,missense_variant,ENSP00000362403.4:p.Ile155Val,0.471821002414098,0.267761039108906,5,0,735926,0.000006794161369485519
10-69416140-G-A,missense_variant,ENSP00000362403.4:p.Arg62Trp,0.474047484722359,-0.461453076405852,2,0,735926,0.0000027176645477942074
10-69415944-A-G,missense_variant,ENSP00000362403.4:p.Ile127Thr,0.474878151237618,0.651358335053789,1,0,735926,0.0000013588322738971037
10-69404900-G-A,missense_variant,ENSP00000362403.4:p.Arg375Cys,0.475453838473565,0.216842973106539,9,0,735920,0.000012229590172844874
10-69415043-G-A,synonymous_variant,ENSP00000362403.4:p.Ala163=,0.478812773598499,0.645569414967757,1,0,735926,0.0000013588322738971037
10-69404919-A-G,synonymous_variant,ENSP00000362403.4:p.Ala368=,0.481724151463721,-0.641299588345088,1,0,735926,0.0000013588322738971037
10-69416081-G-A,synonymous_variant,ENSP00000362403.4:p.Cys81=,0.482214408844542,-0.640580296446075,1,0,735926,0.0000013588322738971037
10-69404857-A-G,missense_variant,ENSP00000362403.4:p.Leu389Pro,0.486374771695871,0.634533149613524,1,0,735090,0.0000013603776408330954
10-69407116-G-A,synonymous_variant,ENSP00000362403.4:p.Tyr302=,0.486534955834065,0.317145594297621,3,0,735926,0.000004076496821691311
10-69416296-C-T,missense_variant,ENSP00000362403.4:p.Ala10Thr,0.491717471623384,-0.626755634140465,1,0,735910,0.0000013588618173417944
10-69407137-C-T,synonymous_variant,ENSP00000362403.4:p.Leu295=,0.496298763616539,-0.620147192003849,1,0,735926,0.0000013588322738971037
10-69415949-G-A,synonymous_variant,ENSP00000362403.4:p.Thr125=,0.497854638762394,-0.195401838892795,10,0,735926,0.000013588322738971039
10-69416139-C-T,missense_variant,ENSP00000362403.4:p.Arg62Gln,0.500216550978377,-0.217265576472819,8,0,735926,0.00001087065819117683
10-69416292-T-C,missense_variant,ENSP00000362403.4:p.Asn11Ser,0.506322789083961,-0.605789030477822,1,0,735906,0.0000013588692034036955
10-69415126-C-T,missense_variant,ENSP00000362403.4:p.Val136Ile,0.509594898378799,-0.181257725885651,11,0,735926,0.000014947155012868142
10-69416251-C-G,missense_variant,ENSP00000362403.4:p.Ala25Pro,0.525090692745094,0.579298384144384,1,0,735830,0.0000013590095538371634
10-69404854-G-T,missense_variant,ENSP00000362403.4:p.Ala390Asp,0.527817346609912,0.575502719715571,1,0,733828,0.0000013627171489776895
10-69416267-G-T,missense_variant,ENSP00000362403.4:p.Asn19Lys,0.528616754119852,-0.57438249138664,1,0,735858,0.0000013589578424098127
10-69407159-A-C,missense_variant,ENSP00000362403.4:p.Val288Gly,0.529539413752702,0.57309589347152,1,0,735918,0.000001358847045458869
10-69415140-C-T,splice_acceptor_variant,,0.532029224823605,0.402796384484575,2,0,735926,0.0000027176645477942074
10-69416306-A-C,missense_variant,ENSP00000362403.4:p.Ile6Met,0.534023345257805,-0.566870080273609,1,0,735918,0.000001358847045458869
10-69416027-C-G,missense_variant,ENSP00000362403.4:p.Trp99Cys,0.53403579931523,0.327274366958623,4,0,735926,0.000005435329095588415
10-69405079-C-G,missense_variant,ENSP00000362403.4:p.Arg315Pro,0.534051410369623,0.188944838424701,9,0,735918,0.00001222962340912982
10-69415096-G-A,missense_variant,ENSP00000362403.4:p.Pro146Ser,0.534571659252612,-0.566124460686743,1,0,735926,0.0000013588322738971037
10-69416055-T-C,missense_variant,ENSP00000362403.4:p.Asn90Ser,0.535393550760556,-0.0969003416338974,32,0,735926,0.00004348263276470732
10-69405031-G-A,missense_variant,ENSP00000362403.4:p.Thr331Ile,0.53726008873667,-0.281192186614316,4,0,735926,0.000005435329095588415
10-69405047-G-T,missense_variant,ENSP00000362403.4:p.Pro326Thr,0.53726008873667,-0.281192186614316,4,0,735926,0.000005435329095588415
10-69407181-A-C,missense_variant,ENSP00000362403.4:p.Cys281Gly,0.537451979076726,-0.397485555512042,2,0,735926,0.0000027176645477942074
10-69409034-A-G,missense_variant,ENSP00000362403.4:p.Leu210Pro,0.541461096235701,-0.556599021177048,1,0,735926,0.0000013588322738971037
10-69416251-C-T,missense_variant,ENSP00000362403.4:p.Ala25Thr,0.542533576508736,-0.320508060048838,3,0,735830,0.000004077028661511491
10-69407157-A-C,missense_variant,ENSP00000362403.4:p.Tyr289Asp,0.545754940946496,-0.550701688943556,2,0,735920,0.000002717686705076639
10-69416113-A-C,missense_variant,ENSP00000362403.4:p.Phe71Val,0.556582702151112,-0.535925716004996,1,0,735926,0.0000013588322738971037
10-69409025-A-C,start_lost,ENSP00000362404.1:p.Met1?,0.560241592280313,-0.530958228890204,1,0,735926,0.0000013588322738971037
10-69416182-C-T,missense_variant,ENSP00000362403.4:p.Val48Met,0.569694715166714,0.0946183877963991,29,0,735926,0.00003940613594301601
10-69407249-G-A,missense_variant,ENSP00000362403.4:p.Thr258Met,0.57123298711899,0.516147681410885,1,0,735926,0.0000013588322738971037
10-69416234-G-C,missense_variant,ENSP00000362403.4:p.Ser30Arg,0.572683217251752,-0.132774868889676,13,0,735838,0.000017666932123646782
10-69407185-G-T,synonymous_variant,ENSP00000362403.4:p.Ile279=,0.576938420504201,0.508512763057962,1,0,735920,0.0000013588433525383194
10-69416086-G-A,missense_variant,ENSP00000362403.4:p.Leu80Phe,0.577523198284668,0.507734750809957,1,0,735926,0.0000013588322738971037
10-69407263-C-A,synonymous_variant,ENSP00000362403.4:p.Val253=,0.58004483085481,0.504380119217314,1,0,735926,0.0000013588322738971037
10-69407258-A-C,missense_variant,ENSP00000362403.4:p.Val255Gly,0.58318295719498,0.500202266675072,1,0,735926,0.0000013588322738971037
10-69415979-T-TGTGATGGGGAAGAG,frameshift_variant,ENSP00000362403.4:p.Ala116SerfsTer14,0.588114164250706,0.127466913478487,14,0,735926,0.000019023651834559453
10-69414963-C-A,missense_variant,ENSP00000362403.4:p.Gly190Val,0.592835875330568,-0.344669180859179,2,0,735926,0.0000027176645477942074
10-69404993-G-A,missense_variant,ENSP00000362403.4:p.Leu344Phe,0.601981677361909,0.475415980690992,1,0,735920,0.0000013588433525383194
10-69416177-C-T,synonymous_variant,ENSP00000362403.4:p.Thr49=,0.606586060850582,-0.331922543301301,2,0,735926,0.0000027176645477942074
10-69415970-A-G,synonymous_variant,ENSP00000362403.4:p.Phe118=,0.608498213302667,0.269611504821589,3,0,735922,0.000004076518978913526
10-69416131-G-C,missense_variant,ENSP00000362403.4:p.Arg65Gly,0.609616560003315,-0.465459536778477,1,0,735922,0.000001358839659637842
10-69404862-A-T,synonymous_variant,ENSP00000362403.4:p.Gly387=,0.612323829109047,0.119275062330262,16,0,735564,0.000021752016139995977
10-69416061-G-A,missense_variant,ENSP00000362403.4:p.Ala88Val,0.614801074871944,-0.458729807593033,1,0,735924,0.0000013588359667574368
10-69407193-C-T,missense_variant,ENSP00000362403.4:p.Glu277Lys,0.631264023533342,-0.437495769090344,1,0,735926,0.0000013588322738971037
10-69404899-C-T,missense_variant,ENSP00000362403.4:p.Arg375His,0.635747770958302,-0.00125619146353787,143358,13908,735770,0.19484077904780026
10-69407096-C-G,missense_variant,ENSP00000362403.4:p.Cys309Ser,0.637165985278936,-0.429944668405631,1,0,735926,0.0000013588322738971037
10-69415112-C-G,missense_variant,ENSP00000362403.4:p.Gln140His,0.638933019327064,-0.427691752294572,1,0,735926,0.0000013588322738971037
10-69407083-C-T,splice_donor_variant,,0.640746198766895,0.42537507435815,1,0,735924,0.0000013588359667574368
10-69416276-A-C,synonymous_variant,ENSP00000362403.4:p.Pro16=,0.641252763857275,0.424733729147857,1,0,735902,0.0000013588765895458906
10-69414994-T-G,missense_variant,ENSP00000362403.4:p.Lys180Gln,0.648854771146674,-0.239652272161594,3,0,735926,0.000004076496821691311
10-69404839-T-C,missense_variant,ENSP00000362403.4:p.His395Arg,0.649311939214138,0.0117722007375459,1236,2,727648,0.0016986235102687014
10-69408967-A-C,missense_variant,ENSP00000362403.4:p.His232Gln,0.652879580230716,0.289904783409947,2,0,735926,0.0000027176645477942074
10-69405085-C-G,splice_acceptor_variant,,0.658477251255709,0.402920073556204,1,0,735910,0.0000013588618173417944
10-69414988-C-T,missense_variant,ENSP00000362403.4:p.Val182Met,0.658803091454926,-0.111636965640615,13,0,735926,0.00001766481956066235
10-69409019-A-G,missense_variant,ENSP00000362403.4:p.Val215Ala,0.658943754952369,0.152075961054482,8,0,735926,0.00001087065819117683
10-69409037-G-A,missense_variant,ENSP00000362403.4:p.Pro209Leu,0.659410549724707,0.284078875596623,2,0,735926,0.0000027176645477942074
10-69407187-T-A,missense_variant,ENSP00000362403.4:p.Ile279Phe,0.660295566760171,0.400626397597676,1,0,735926,0.0000013588322738971037
10-69416067-T-C,missense_variant,ENSP00000362403.4:p.Asn86Ser,0.661342399432749,0.230544567364098,3,0,735926,0.000004076496821691311
10-69414974-G-A,synonymous_variant,ENSP00000362403.4:p.Pro186=,0.662324821316929,-0.28148165479231,1,0,735926,0.0000013588322738971037
10-69416178-G-A,missense_variant,ENSP00000362403.4:p.Thr49Met,0.663013379500509,-0.14043807646338,6,0,735926,0.000008152993643382622
10-69407266-C-G,missense_variant,ENSP00000362403.4:p.Met252Ile,0.665411021886175,-0.278743725819189,2,0,735926,0.0000027176645477942074
10-69409029-C-T,missense_variant,ENSP00000362403.4:p.Val212Met,0.667768344748203,-0.39124508477678,1,0,735926,0.0000013588322738971037
10-69416117-G-T,missense_variant,ENSP00000362403.4:p.Asn69Lys,0.672444462311967,-0.385397903288031,1,0,735926,0.0000013588322738971037
10-69416107-C-T,missense_variant,ENSP00000362403.4:p.Val73Ile,0.67664777658381,-0.0810516808996601,23,0,735926,0.00003125314229963339
10-69408926-T-G,missense_variant,ENSP00000362403.4:p.Lys246Thr,0.677858339406633,0.378690223189323,1,0,733584,0.000001363170407206264
10-69404895-G-A,synonymous_variant,ENSP00000362403.4:p.Pro376=,0.678486679906488,0.0771366037503553,25,0,735920,0.00003397108381345798
10-69414985-C-T,missense_variant,ENSP00000362403.4:p.Val183Met,0.678567937245672,0.377759332706047,1,0,735926,0.0000013588322738971037
10-69409036-C-A,synonymous_variant,ENSP00000362403.4:p.Pro209=,0.681211327662063,0.216203235672325,4,0,735926,0.000005435329095588415
10-69415060-C-T,missense_variant,ENSP00000362403.4:p.Val158Met,0.681804237202457,-0.373731923470846,1,0,735926,0.0000013588322738971037
10-69408973-G-C,synonymous_variant,ENSP00000362403.4:p.Pro230=,0.682045954108349,-0.215603630645548,2,0,735926,0.0000027176645477942074
10-69415947-G-A,missense_variant,ENSP00000362403.4:p.Ala126Val,0.696764002483855,0.177616184261517,5,0,735926,0.000006794161369485519
10-69407149-T-C,synonymous_variant,ENSP00000362403.4:p.Ala291=,0.704756690429989,-0.0483682340999315,52,0,735926,0.0000706592782426494
10-69415937-G-A,synonymous_variant,ENSP00000362403.4:p.Ala129=,0.704904064574374,0.036194661810885,90,0,735926,0.00012229490465073933
10-69415011-A-G,missense_variant,ENSP00000362403.4:p.Met174Thr,0.71039432050942,-0.338489294899362,1,0,735926,0.0000013588322738971037
10-69416211-G-T,missense_variant,ENSP00000362403.4:p.Thr38Lys,0.71268833335398,-0.335678091012902,1,0,735926,0.0000013588322738971037
10-69415139-C-A,missense_variant,ENSP00000362403.4:p.Arg131Ser,0.715382430805569,0.332399497653295,1,0,735926,0.0000013588322738971037
10-69415014-G-A,missense_variant,ENSP00000362403.4:p.Thr173Ile,0.715514563702063,0.135628647776825,5,0,735926,0.000006794161369485519
10-69415096-G-C,missense_variant,ENSP00000362403.4:p.Pro146Ala,0.716680063724953,0.330798170305152,1,0,735926,0.0000013588322738971037
10-69404917-G-T,missense_variant,ENSP00000362403.4:p.Thr369Asn,0.720752865375528,0.188122540852006,3,0,735926,0.000004076496821691311
10-69416016-C-A,missense_variant,ENSP00000362403.4:p.Arg103Leu,0.724528216291565,-0.321247797399073,1,0,735918,0.000001358847045458869
10-69404924-C-T,missense_variant,ENSP00000362403.4:p.Glu367Lys,0.729960262591444,0.314647528548691,2,0,735926,0.0000027176645477942074
10-69405075-A-C,synonymous_variant,ENSP00000362403.4:p.Ser316=,0.73085983524697,-0.221720680388209,2,0,735924,0.0000027176719335148736
10-69414953-C-T,synonymous_variant,ENSP00000362403.4:p.Thr193=,0.734846095441424,0.0476419450807255,40,0,735924,0.000054353438670297474
10-69404855-C-T,missense_variant,ENSP00000362403.4:p.Ala390Thr,0.738419335407394,0.304407203877087,1,0,734388,0.000001361678023061379
10-69415951-T-A,missense_variant,ENSP00000362403.4:p.Thr125Ser,0.74133927926423,0.100294116696542,8,0,735926,0.00001087065819117683
10-69416192-C-A,synonymous_variant,ENSP00000362403.4:p.Val44=,0.746093270676304,0.295157159253063,1,0,735926,0.0000013588322738971037
10-69415982-G-A,synonymous_variant,ENSP00000362403.4:p.Ile114=,0.750978679660573,-0.204553359914611,2,0,735926,0.0000027176645477942074
10-69405046-G-T,missense_variant,ENSP00000362403.4:p.Pro326Gln,0.757580867323296,0.281359911865751,1,0,735926,0.0000013588322738971037
10-69407156-T-C,missense_variant,ENSP00000362403.4:p.Tyr289Cys,0.757900007460353,-0.280972261227997,2,0,735918,0.000002717694090917738
10-69407191-C-T,synonymous_variant,ENSP00000362403.4:p.Glu277=,0.761473801264218,-0.0432148564668182,38,0,735924,0.0000516357667367826
10-69415950-G-A,missense_variant,ENSP00000362403.4:p.Thr125Ile,0.769149224330344,-0.18917241550044,2,0,735926,0.0000027176645477942074
10-69415108-G-A,missense_variant,ENSP00000362403.4:p.Arg142Trp,0.77080986340343,-0.0885184436076667,9,0,735926,0.000012229490465073934
10-69405037-G-A,missense_variant,ENSP00000362403.4:p.Thr329Ile,0.777954545951673,0.25704645578265,1,0,735926,0.0000013588322738971037
10-69405001-G-A,missense_variant,ENSP00000362403.4:p.Thr341Met,0.778734622939252,0.0621202301414104,17,0,735922,0.000023100274213843315
10-69416051-A-G,synonymous_variant,ENSP00000362403.4:p.Phe91=,0.785093726000549,-0.248571689130331,1,0,735924,0.0000013588359667574368
10-69415081-C-A,missense_variant,ENSP00000362403.4:p.Val151Phe,0.785606524284399,0.247961516984978,1,0,735926,0.0000013588322738971037
10-69415094-G-A,synonymous_variant,ENSP00000362403.4:p.Pro146=,0.785946158727182,-0.247561668932149,1,0,735926,0.0000013588322738971037
10-69416112-A-G,missense_variant,ENSP00000362403.4:p.Phe71Ser,0.788707951045262,0.244282424739692,1,0,735926,0.0000013588322738971037
10-69415051-C-A,missense_variant,ENSP00000362403.4:p.Ala161Ser,0.792132050953509,0.0642061089290105,14,0,735926,0.000019023651834559453
10-69404875-C-T,stop_gained,ENSP00000362403.4:p.Trp383Ter,0.79217621936442,-0.107417088348052,4,0,735902,0.0000054355063581835625
10-69416214-G-A,missense_variant,ENSP00000362403.4:p.Ala37Val,0.793760598055191,-0.238305074305442,1,0,735926,0.0000013588322738971037
10-69404939-C-T,missense_variant,ENSP00000362403.4:p.Asp362Asn,0.796409933760004,0.235176126671924,1,0,735920,0.0000013588433525383194
10-69404983-C-CT,frameshift_variant,ENSP00000362403.4:p.Arg347LysfsTer8,0.799992791309596,0.0210025763681833,115,0,735926,0.00015626571149816694
10-69416063-G-A,synonymous_variant,ENSP00000362403.4:p.Ala87=,0.800145688480406,0.0492012269144989,20,0,735924,0.000027176719335148737
10-69407250-T-G,missense_variant,ENSP00000362403.4:p.Thr258Pro,0.802562293052973,0.227918812005525,1,0,735926,0.0000013588322738971037
10-69415003-C-T,missense_variant,ENSP00000362403.4:p.Gly177Ser,0.804603513846048,0.159460449704177,2,0,735926,0.0000027176645477942074
10-69415992-A-G,missense_variant,ENSP00000362403.4:p.Leu111Pro,0.806137769091719,0.129156929074405,3,0,735926,0.000004076496821691311
10-69407161-T-G,missense_variant,ENSP00000362403.4:p.Gln287His,0.806664427900723,-0.157743969430874,2,0,735926,0.0000027176645477942074
10-69415124-G-A,synonymous_variant,ENSP00000362403.4:p.Val136=,0.80988535931597,0.0828882977119669,8,0,735926,0.00001087065819117683
10-69408937-C-A,synonymous_variant,ENSP00000362403.4:p.Leu242=,0.813973795478145,-0.214487495373749,1,0,735914,0.0000013588544313601862
10-69404894-G-A,stop_gained,ENSP00000362403.4:p.Gln377Ter,0.820678044339648,0.146105620555642,2,0,735908,0.000002717731020725417
10-69404858-G-A,missense_variant,ENSP00000362403.4:p.Leu389Phe,0.821580869268096,0.145357177212321,2,0,735210,0.000002720311203601692
10-69415018-C-G,missense_variant,ENSP00000362403.4:p.Val172Leu,0.824779317620218,0.100908816840045,4,0,735926,0.000005435329095588415
10-69416242-T-C,splice_donor_variant,,0.82549346154177,-0.200979863639147,1,0,735836,0.0000013589984724857169
10-69404971-C-T,missense_variant,ENSP00000362403.4:p.Cys351Tyr,0.82607172114111,-0.11566846317696,3,0,735926,0.000004076496821691311
10-69414959-G-A,synonymous_variant,ENSP00000362403.4:p.Gly191=,0.82702011360367,-0.140857819763542,1,0,735924,0.0000013588359667574368
10-69416164-C-T,missense_variant,ENSP00000362403.4:p.Val54Ile,0.829962311478661,-0.023234795200859,71,0,735924,0.00009647735363977802
10-69409003-G-A,synonymous_variant,ENSP00000362403.4:p.Ile220=,0.830430561803883,0.195213029639009,1,0,735926,0.0000013588322738971037
10-69416108-G-A,synonymous_variant,ENSP00000362403.4:p.Ile72=,0.83611169559718,-0.188575886937838,1,0,735924,0.0000013588359667574368
10-69405022-T-C,missense_variant,ENSP00000362403.4:p.Asp334Gly,0.838747917988621,0.107096288125516,3,0,735926,0.000004076496821691311
10-69409006-G-A,synonymous_variant,ENSP00000362403.4:p.Val219=,0.85095485908077,-0.098892297197595,2,0,735926,0.0000027176645477942074
10-69405000-C-G,synonymous_variant,ENSP00000362403.4:p.Thr341=,0.856271523017959,-0.165103310449836,1,0,735926,0.0000013588322738971037
10-69416225-C-T,synonymous_variant,ENSP00000362403.4:p.Leu33=,0.857787442587793,-0.163339881523353,1,0,735842,0.0000013589873913149833
10-69405000-C-T,synonymous_variant,ENSP00000362403.4:p.Thr341=,0.858479160137693,0.162536143099152,1,0,735926,0.0000013588322738971037
10-69416260-C-T,missense_variant,ENSP00000362403.4:p.Gly22Ser,0.859429320185473,0.114153680881329,2,0,735856,0.000002717923071905373
10-69405036-T-TC,frameshift_variant,ENSP00000362403.4:p.Pro330ThrfsTer6,0.859503091023133,-0.161351922370025,1,0,735926,0.0000013588322738971037
10-69405037-G-C,missense_variant,ENSP00000362403.4:p.Thr329Arg,0.859503091023133,-0.161351922370025,1,0,735926,0.0000013588322738971037
10-69415082-C-A,synonymous_variant,ENSP00000362403.4:p.Ala150=,0.861565333353545,0.0562037765693876,8,0,735926,0.00001087065819117683
10-69414985-C-G,missense_variant,ENSP00000362403.4:p.Val183Leu,0.865637606625369,0.154238385065312,1,0,735926,0.0000013588322738971037
10-69408976-C-CT,frameshift_variant,ENSP00000362403.4:p.Pro230AlafsTer106,0.874399950857979,0.144091843052122,1,0,735926,0.0000013588322738971037
10-69415119-G-T,missense_variant,ENSP00000362403.4:p.Pro138His,0.875597565379902,0.1427062334688,1,0,735926,0.0000013588322738971037
10-69405044-A-G,missense_variant,ENSP00000362403.4:p.Trp327Arg,0.878653748850253,-0.0347944108934662,12,0,735926,0.000016305987286765244
10-69414988-C-A,missense_variant,ENSP00000362403.4:p.Val182Leu,0.878730503195558,-0.139082997258544,1,0,735926,0.0000013588322738971037
10-69409049-A-G,missense_variant,ENSP00000362403.4:p.Ile205Thr,0.881564154619542,-0.0679041471598039,4,0,735926,0.000005435329095588415
10-69416217-C-T,stop_gained,ENSP00000362403.4:p.Trp36Ter,0.882709722739321,-0.029349468748963,20,0,735926,0.000027176645477942077
10-69407192-T-C,missense_variant,ENSP00000362403.4:p.Glu277Gly,0.8867120279886,0.129867297862184,1,0,735926,0.0000013588322738971037
10-69415019-G-A,synonymous_variant,ENSP00000362403.4:p.Thr171=,0.891270371384607,-0.124604297995565,1,0,735926,0.0000013588322738971037
10-69416016-C-T,missense_variant,ENSP00000362403.4:p.Arg103His,0.895408065747518,0.0218800691830779,30,0,735918,0.00004076541136376607
10-69416318-C-T,synonymous_variant,ENSP00000362403.4:p.Gly2=,0.900512630000641,-0.113956148927098,1,0,735926,0.0000013588322738971037
10-69416064-G-T,missense_variant,ENSP00000362403.4:p.Ala87Asp,0.907063745658275,0.106418562605111,1,0,735924,0.0000013588359667574368
10-69408981-C-A,missense_variant,ENSP00000362403.4:p.Ala228Ser,0.907619413362124,-0.0747950690111732,2,0,735924,0.0000027176719335148736
10-69415019-G-T,synonymous_variant,ENSP00000362403.4:p.Thr171=,0.90834259821141,0.0742073523187934,1,0,735926,0.0000013588322738971037
10-69409074-AC-A,frameshift_variant,ENSP00000362403.4:p.Tyr197ThrfsTer5,0.91622209175745,-0.095889352818249,1,0,735924,0.0000013588359667574368
10-69416215-C-T,missense_variant,ENSP00000362403.4:p.Ala37Thr,0.91944410781582,-0.013038685066616,49,0,735926,0.00006658278142095809
10-69408959-T-C,missense_variant,ENSP00000362403.4:p.His235Arg,0.921644746779778,-0.0634003811271757,2,0,735918,0.000002717694090917738
10-69415931-C-T,splice_donor_variant,,0.923971706587345,0.0869913267859893,1,0,735926,0.0000013588322738971037
10-69404851-G-A,missense_variant,ENSP00000362403.4:p.Pro391Leu,0.924305090065897,0.0866073944591782,1,0,732382,0.0000013654076697679627
10-69415089-G-A,missense_variant,ENSP00000362403.4:p.Thr148Ile,0.924922592732809,0.0858990157854505,1,0,735926,0.0000013588322738971037
10-69408922-C-A,missense_variant,ENSP00000362403.4:p.Lys247Asn,0.925208345237311,-0.0427857840853283,4,0,735852,0.000005435875692394666
10-69416301-G-A,missense_variant,ENSP00000362403.4:p.Thr8Ile,0.926753383106339,-0.0837980275844327,1,0,735914,0.0000013588544313601862
10-69408966-G-C,missense_variant,ENSP00000362403.4:p.Gln233Glu,0.932997312964071,-0.0766384528123226,1,0,735926,0.0000013588322738971037
10-69416207-G-A,synonymous_variant,ENSP00000362403.4:p.Ala39=,0.937736032822925,0.0712062915428967,1,0,735924,0.0000013588359667574368
10-69409010-C-G,missense_variant,ENSP00000362403.4:p.Ser218Thr,0.939626864025186,-0.00206146309823238,1116,1,735926,0.0015164568176691678
10-69404914-C-T,missense_variant,ENSP00000362403.4:p.Ser370Asn,0.94364558920066,0.00939952967799527,47,0,735926,0.00006386511687316388
10-69414992-C-G,missense_variant,ENSP00000362403.4:p.Lys180Asn,0.944294156813277,-0.0636939066180486,1,0,735926,0.0000013588322738971037
10-69414977-C-T,stop_gained,ENSP00000362403.4:p.Trp185Ter,0.945815328344276,0.0619515991848587,1,0,735926,0.0000013588322738971037
10-69415135-T-C,missense_variant,ENSP00000362403.4:p.Met133Val,0.947694864522808,-0.0244132931679264,6,0,735926,0.000008152993643382622
10-69404925-G-A,synonymous_variant,ENSP00000362403.4:p.Ser366=,0.947839675397214,-0.0596335296737612,1,0,735924,0.0000013588359667574368
10-69416043-G-A,missense_variant,ENSP00000362403.4:p.Ala94Val,0.949528621319916,-0.0576999971231532,1,0,735926,0.0000013588322738971037
10-69404985-C-T,synonymous_variant,ENSP00000362403.4:p.Thr346=,0.951853374496677,0.0165948590014717,10,0,735924,0.000013588359667574369
10-69416062-C-A,missense_variant,ENSP00000362403.4:p.Ala88Ser,0.951857770519432,-0.055034281263224,1,0,735926,0.0000013588322738971037
10-69407222-T-A,missense_variant,ENSP00000362403.4:p.His267Leu,0.964919644517748,-0.0400904055905767,1,0,735926,0.0000013588322738971037
10-69407146-G-C,synonymous_variant,ENSP00000362403.4:p.Leu292=,0.966242178566833,-0.0385798499972184,1,0,735926,0.0000013588322738971037
10-69408935-T-G,missense_variant,ENSP00000362403.4:p.Gln243Pro,0.967774625451156,0.0212614954655319,3,0,734942,0.000004081954766498581
10-69407206-C-CA,frameshift_variant,ENSP00000362403.4:p.Ser274GlnfsTer62,0.96867672572517,-0.0357949523161162,1,0,735926,0.0000013588322738971037
10-69404936-T-C,missense_variant,ENSP00000362403.4:p.Thr363Ala,0.969218502918347,0.00100381895938611,1221,3,735920,0.001659147733449288
10-69409077-T-C,splice_acceptor_variant,,0.969945896740635,-0.0343432319138879,1,0,735926,0.0000013588322738971037
10-69415109-A-T,synonymous_variant,ENSP00000362403.4:p.Pro141=,0.975974839899646,0.0194112528948838,2,0,735926,0.0000027176645477942074
10-69416185-C-T,missense_variant,ENSP00000362403.4:p.Ala47Thr,0.976126718595237,0.00411270119464076,40,0,735926,0.000054353290955884155
10-69408945-G-C,missense_variant,ENSP00000362403.4:p.Arg240Gly,0.977928117680047,0.0126096965855079,5,0,735926,0.000006794161369485519
10-69408957-C-G,missense_variant,ENSP00000362403.4:p.Gly236Arg,0.978879437310484,-0.0241324185054884,1,0,735920,0.0000013588433525383194
10-69416090-A-G,synonymous_variant,ENSP00000362403.4:p.Ala78=,0.982426736714138,0.0200806942614194,1,0,735926,0.0000013588322738971037
10-69415002-C-A,missense_variant,ENSP00000362403.4:p.Gly177Val,0.985343704740542,-0.00748876303593305,6,0,735926,0.000008152993643382622
10-69404842-G-A,missense_variant,ENSP00000362403.4:p.Thr394Ile,0.987571255338307,0.00819825732924233,3,0,730862,0.000004104742071690688
10-69407124-T-C,missense_variant,ENSP00000362403.4:p.Thr300Ala,0.992333439246292,-0.00875883995745906,1,0,735926,0.0000013588322738971037
10-69408926-TTCA-T,inframe_deletion,ENSP00000362403.4:p.Met245del,0.992576228101821,-0.00132470707791819,41,0,733582,0.0000558901390710241
10-69415054-G-A,missense_variant,ENSP00000362403.4:p.Leu160Phe,0.996690927696943,0.00267322927469933,2,0,735926,0.0000027176645477942074
10-69404763-A-T,3_prime_UTR_variant,,,,1,0,183338,0.000005454406615104342
10-69404766-C-T,3_prime_UTR_variant,,,,11,0,211694,0.000051961793910077754
10-69404771-C-T,3_prime_UTR_variant,,,,1,0,276342,0.0000036187043590912708
10-69404781-A-G,3_prime_UTR_variant,,,,1,0,402746,0.0000024829545172391533
10-69404797-C-T,3_prime_UTR_variant,,,,1,0,577672,0.0000017310861526956474
10-69404798-C-G,3_prime_UTR_variant,,,,1,0,586622,0.0000017046752423195857
10-69404799-C-T,3_prime_UTR_variant,,,,5,0,599666,0.000008337974805975327
10-69404801-ACC-A,3_prime_UTR_variant,,,,1,0,602102,0.0000016608481619393392
10-69404802-C-A,3_prime_UTR_variant,,,,3,0,613076,0.000004893357430400146
10-69404802-C-T,3_prime_UTR_variant,,,,32,0,613074,0.000052195982866668625
10-69404803-C-G,3_prime_UTR_variant,,,,1,0,619296,0.000001614736733322999
10-69404811-A-G,3_prime_UTR_variant,,,,1,0,660780,0.0000015133629952480402
10-69404815-C-CCA,3_prime_UTR_variant,,,,6,0,688824,0.00000871049789205951
10-69404820-T-G,3_prime_UTR_variant,,,,1,0,703946,0.0000014205635091328028
10-69404839-T-G,missense_variant,ENSP00000362403.4:p.His395Pro,,,107,0,727464,0.00014708631629881342
10-69404871-A-C,missense_variant,ENSP00000362403.4:p.Phe384Leu,,,1,0,735800,0.000001359064963305246
10-69404872-A-C,missense_variant,ENSP00000362403.4:p.Phe384Cys,,,9,0,735048,0.000012244098344597904
10-69404975-T-C,missense_variant,ENSP00000362403.4:p.Arg350Gly,,,1,0,735926,0.0000013588322738971037
10-69405035-G-A,missense_variant,ENSP00000362403.4:p.Pro330Ser,,,1,0,735926,0.0000013588322738971037
10-69405088-G-A,splice_region_variant,,,,25,0,735826,0.00003397542353762982
10-69405093-G-T,intron_variant,,,,1,0,735760,0.0000013591388496248776
10-69405094-C-T,intron_variant,,,,32,0,735714,0.00004349516252239321
10-69405095-G-A,intron_variant,,,,18,0,735686,0.000024466960088950994
10-69405100-G-T,intron_variant,,,,1,0,735106,0.0000013603480314403637
10-69405108-A-G,intron_variant,,,,8,0,733746,0.000010902955518667223
10-69405117-G-T,intron_variant,,,,1,0,720486,0.0000013879520212745287
10-69405124-G-T,intron_variant,,,,13,0,708944,0.00001833713241102259
10-69405126-T-G,intron_variant,,,,2,0,706244,0.0000028318824655501498
10-69405132-G-A,intron_variant,,,,1,0,678954,0.0000014728538310400998
10-69405133-C-T,intron_variant,,,,8,0,679882,0.000011766747759169973
10-69405140-G-A,intron_variant,,,,50,0,637692,0.0000784077579772053
10-69405140-G-T,intron_variant,,,,1,0,637694,0.0000015681502413383222
10-69405143-A-G,intron_variant,,,,1,0,610860,0.0000016370363094653439
10-69405146-G-A,intron_variant,,,,1,0,600186,0.0000016661501601170304
10-69405146-G-T,intron_variant,,,,1,0,600178,0.0000016661723688639037
10-69405147-C-T,intron_variant,,,,1,0,589894,0.0000016952198191539496
10-69405148-C-T,intron_variant,,,,26,0,596308,0.00004360162868853009
10-69405152-AC-A,intron_variant,,,,1,0,571050,0.0000017511601435951317
10-69405159-G-A,intron_variant,,,,1,0,494244,0.000002023292139105381
10-69407011-G-A,intron_variant,,,,1,0,649492,0.0000015396648457563758
10-69407013-G-A,intron_variant,,,,3,0,658830,0.000004553526706434133
10-69407015-A-C,intron_variant,,,,9,0,661736,0.000013600589963369078
10-69407021-G-A,intron_variant,,,,1,0,695342,0.000001438141231221471
10-69407024-C-T,intron_variant,,,,1,0,708610,0.0000014112135024907918
10-69407027-C-G,intron_variant,,,,10,0,718532,0.000013917264645137585
10-69407031-G-C,intron_variant,,,,40,0,710946,0.000056263063580075
10-69407033-C-A,intron_variant,,,,1,0,713096,0.0000014023357303925419
10-69407034-T-TGGGCAGTGGGGCC,intron_variant,,,,10,0,724624,0.000013800260548919164
10-69407038-C-G,intron_variant,,,,1,0,726966,0.000001375580150928654
10-69407042-G-A,intron_variant,,,,1,0,728288,0.0000013730831758864624
10-69407050-G-T,intron_variant,,,,1,0,733234,0.0000013638210994034646
10-69407058-A-C,intron_variant,,,,3,0,735424,0.000004079279436080411
10-69407059-G-A,intron_variant,,,,1,0,735394,0.000001359815282691999
10-69407060-G-A,intron_variant,,,,3,0,735554,0.000004078558474292846
10-69407066-G-T,intron_variant,,,,25,0,735786,0.00003397727056508278
10-69407073-T-C,intron_variant,,,,2,0,735904,0.0000027177457929295127
10-69407073-T-TG,intron_variant,,,,2,0,735904,0.0000027177457929295127
10-69407081-C-T,splice_region_variant,,,,2,0,735926,0.0000027176645477942074
10-69407085-T-G,splice_region_variant,ENSP00000362403.4:p.Arg313=,,,1,0,735924,0.0000013588359667574368
10-69407177-T-TACA,protein_altering_variant,ENSP00000362403.4:p.His282delinsLeuTyr,,,1,0,735926,0.0000013588322738971037
10-69407291-A-G,intron_variant,,,,1219,3,735918,0.0016564345484143615
10-69407305-C-T,intron_variant,,,,745,0,735798,0.0010125061497856748
10-69407307-T-G,intron_variant,,,,1,0,735732,0.0000013591905748288778
10-69407312-G-T,intron_variant,,,,1,0,735506,0.0000013596082152966802
10-69407314-G-A,intron_variant,,,,1,0,735172,0.0000013602259063185213
10-69407314-G-C,intron_variant,,,,1,0,735172,0.0000013602259063185213
10-69407332-G-C,intron_variant,,,,1,0,729660,0.0000013705013293862895
10-69407336-T-G,intron_variant,,,,1,0,728338,0.0000013729889144875044
10-69407337-C-A,intron_variant,,,,1,0,727686,0.000001374219099996427
10-69407338-C-T,intron_variant,,,,1194,3,724958,0.0016469919636723782
10-69407339-G-A,intron_variant,,,,50,0,724260,0.00006903598155358573
10-69407342-G-A,intron_variant,,,,1,0,721830,0.0000013853677458681407
10-69407345-A-C,intron_variant,,,,1,0,714196,0.0000014001758620882783
10-69407349-A-G,intron_variant,,,,4,0,700896,0.000005706980778888737
10-69407354-GGA-G,intron_variant,,,,19,0,681586,0.00002787615942815727
10-69407355-G-A,intron_variant,,,,7,0,667394,0.000010488556984330096
10-69407355-GACCCCTTGC-G,intron_variant,,,,1,0,667394,0.0000014983652834757279
10-69408848-A-C,intron_variant,,,,2,0,12412,0.00016113438607798906
10-69408849-T-C,intron_variant,,,,1,0,15272,0.00006547930853850184
10-69408856-T-A,intron_variant,,,,1,0,88510,0.00001129815840018077
10-69408856-T-G,intron_variant,,,,1,0,88506,0.000011298669016789822
10-69408856-TCGCCC-T,intron_variant,,,,1,0,88514,0.000011297647829721852
10-69408856-TCGCCCCCGCCAGCCCCCCGCCCCCTCCAGGCCC-T,intron_variant,,,,1,0,88512,0.000011297903109182935
10-69408856-TCGCCCCCGCCAGCCCCCCGCCCCCTCCAGGCCCCGCCCCCTCCA-T,intron_variant,,,,1,0,88512,0.000011297903109182935
10-69408856-TCGCCCCCGCCAGCCCCCCGCCCCCTCCAGGCCCCGCCCCCTCCAGGCCCC-T,intron_variant,,,,4,0,88146,0.000045379257141560595
10-69408857-C-T,intron_variant,,,,3,1,96432,0.000031110004977600795
10-69408857-CGCCCCCGCCA-C,intron_variant,,,,4,1,96450,0.0000414722654224987
10-69408857-CGCCCCCGCCAGCCCCCCGCCCCCTCCAGGCCCCGCCCCCTCCAG-C,intron_variant,,,,23,0,96432,0.0002385100381616061
10-69408858-G-A,intron_variant,,,,2,0,101772,0.00001965177062453327
10-69408858-G-T,intron_variant,,,,5,0,101770,0.00004913039206052864
10-69408858-GC-G,intron_variant,,,,6,3,101766,0.00005895878780732268
10-69408859-C-T,intron_variant,,,,18,6,117382,0.00015334548738307407
10-69408860-C-A,intron_variant,,,,1,0,130966,0.000007635569537131775
10-69408860-C-T,intron_variant,,,,3,1,130952,0.000022909157553912883
10-69408861-C-T,intron_variant,,,,3,1,148092,0.000020257677659833077
10-69408862-C-G,intron_variant,,,,4,2,158562,0.000025226725192669115
10-69408862-C-T,intron_variant,,,,10,4,158498,0.0000630922787669245
10-69408863-C-T,intron_variant,,,,5,1,167630,0.000029827596492274652
10-69408863-CG-C,intron_variant,,,,12,4,167626,0.00007158793981840526
10-69408864-GCCAGCCCCCCGCCCC-G,intron_variant,,,,1,0,425218,0.0000023517348748171525
10-69408864-GCCAGCCCCCCGCCCCC-G,intron_variant,,,,2,0,425210,0.000004703558241809929
10-69408864-GCCAGCCCCCCGCCCCCTCCAGGCCCCGCCCCCT-G,intron_variant,,,,313610,101142,425216,0.7375310430463576
10-69408864-GCCAGCCCCCCGCCCCCTCCAGGCCCCGCCCCCTC-G,intron_variant,,,,1,0,425218,0.0000023517348748171525
10-69408865-CCAGCCCCCCGCCCCCT-C,intron_variant,,,,1,0,12078,0.00008279516476237788
10-69408865-CCAGCCCCCCGCCCCCTCCAGGCCCCGCCCCCT-C,intron_variant,,,,18,3,12054,0.0014932802389248383
10-69408866-CAG-C,intron_variant,,,,24,10,7678,0.003125814014066163
10-69408867-A-C,intron_variant,,,,1,0,5480,0.0001824817518248175
10-69408867-AGCCCCCCGCCCCC-A,intron_variant,,,,1,0,5490,0.00018214936247723133
10-69408868-G-C,intron_variant,,,,1,0,4560,0.0002192982456140351
10-69408868-GCCCCCC-G,intron_variant,,,,11,1,4532,0.0024271844660194173
10-69408868-GCCCCCCGCCCCCTCCAGGCCCC-G,intron_variant,,,,1,0,4560,0.0002192982456140351
10-69408868-GCCCCCCGCCCCCTCCAGGCCCCGCCCCCT-G,intron_variant,,,,1,0,4560,0.0002192982456140351
10-69408868-GCCCCCCGCCCCCTCCAGGCCCCGCCCCCTC-G,intron_variant,,,,1,0,4562,0.00021920210434020167
10-69408868-GCCCCCCGCCCCCTCCAGGCCCCGCCCCCTCCA-G,intron_variant,,,,1,0,4562,0.00021920210434020167
10-69408869-C-G,intron_variant,,,,1,0,12808,0.00007807620237351655
10-69408869-CCCCCCGCCCCCTCCAGGCCCCGCCCCCTCCA-C,intron_variant,,,,37,0,12802,0.002890173410404624
10-69408869-CCCCCCGCCCCCTCCAGGCCCCGCCCCCTCCAGG-C,intron_variant,,,,3,0,12802,0.00023433838462740198
10-69408875-G-C,intron_variant,,,,17,0,12972,0.0013105149552883133
10-69408875-GCCCCCTCCAGGCCCCGCCCCCT-G,intron_variant,,,,3,1,13342,0.0002248538450007495
10-69408875-GCCCCCTCCAGGCCCCGCCCCCTCCAGGC-G,intron_variant,,,,1,0,13342,0.00007495128166691651
10-69408880-CTCCAGG-C,intron_variant,,,,3,0,25670,0.00011686793922867161
10-69408881-T-A,intron_variant,,,,1,0,7266,0.00013762730525736306
10-69408881-T-C,intron_variant,,,,1,0,7266,0.00013762730525736306
10-69408881-TCCAGGCCCCGCCCCCTC-T,intron_variant,,,,10,0,7284,0.0013728720483250961
10-69408881-TCCAGGCCCCGCCCCCTCC-T,intron_variant,,,,2,0,7292,0.00027427317608337906
10-69408881-TCCAGGCCCCGCCCCCTCCAG-T,intron_variant,,,,1,0,7292,0.00013713658804168953
10-69408881-TCCAGGCCCCGCCCCCTCCAGGCCCCCG-T,intron_variant,,,,1,0,7290,0.00013717421124828533
10-69408884-A-C,intron_variant,,,,3,0,3718,0.0008068854222700376
10-69408884-AGG-A,intron_variant,,,,1,0,3726,0.00026838432635534085
10-69408885-G-C,intron_variant,,,,3,0,5394,0.0005561735261401557
10-69408890-CG-C,intron_variant,,,,4,0,91052,0.00004393094056143742
10-69408891-G-C,intron_variant,,,,16,0,15406,0.0010385564065948333
10-69408891-G-T,intron_variant,,,,1,0,15436,0.0000647836227001814
10-69408895-C-T,intron_variant,,,,1,0,174760,0.000005722133211261158
10-69408896-C-T,intron_variant,,,,1,0,185746,0.0000053836960149882096
10-69408896-CTCCAGG-C,intron_variant,,,,1,0,185720,0.000005384449709239716
10-69408897-T-A,intron_variant,,,,24,0,47086,0.0005097056449900183
10-69408897-T-C,intron_variant,,,,2,0,47094,0.000042468254979402894
10-69408897-T-G,intron_variant,,,,1453,17,47026,0.030897801216348404
10-69408899-C-T,intron_variant,,,,1,0,641034,0.0000015599796578652614
10-69408900-A-C,intron_variant,,,,1,0,569510,0.0000017558954188688522
10-69408901-G-A,intron_variant,,,,1,0,600616,0.000001664957310494559
10-69408901-G-C,intron_variant,,,,2,0,600590,0.0000033300587755373884
10-69408901-G-T,intron_variant,,,,9,0,600614,0.000014984665692108409
10-69408903-C-A,intron_variant,,,,1,0,684428,0.0000014610740647664911
10-69408903-C-G,intron_variant,,,,1,0,684428,0.0000014610740647664911
10-69408903-C-T,intron_variant,,,,1,0,684422,0.000001461086873303313
10-69408903-CCCCCGCCCCCGCG-C,splice_region_variant,,,,6,0,684428,0.000008766444388598946
10-69408904-C-T,intron_variant,,,,3,0,715626,0.000004192133879987591
10-69408905-C-A,intron_variant,,,,2,0,718502,0.000002783569148032991
10-69408905-C-G,intron_variant,,,,1,0,718502,0.0000013917845740164954
10-69408905-C-T,intron_variant,,,,3,0,718500,0.000004175365344467641
10-69408906-C-A,intron_variant,,,,1,0,720218,0.0000013884684914845228
10-69408906-C-T,intron_variant,,,,7,0,720214,0.000009719333420344509
10-69408907-C-T,intron_variant,,,,4,0,717920,0.000005571651437486071
10-69408908-G-A,intron_variant,,,,1,0,622886,0.0000016054302071326052
10-69408908-G-C,intron_variant,,,,79,0,622676,0.00012687175995220628
10-69408908-G-T,intron_variant,,,,1,0,622886,0.0000016054302071326052
10-69408909-C-T,intron_variant,,,,5,0,725634,0.000006890526077884994
10-69408910-C-G,intron_variant,,,,1,0,726592,0.000001376288205760592
10-69408910-C-T,intron_variant,,,,1,0,726592,0.000001376288205760592
10-69408911-C-T,intron_variant,,,,4,0,733284,0.000005454912421381074
10-69408912-CCG-C,splice_region_variant,,,,1,0,733016,0.0000013642267017363878
10-69408913-C-T,intron_variant,,,,2,0,733850,0.0000027253525924916537
10-69408913-CG-C,splice_region_variant,,,,1,0,733850,0.0000013626762962458268
10-69408914-G-A,splice_region_variant,,,,783,2,667902,0.001172327676814862
10-69408914-G-C,splice_region_variant,,,,5,0,667812,0.000007487137098464838
10-69408915-C-T,splice_region_variant,,,,1,0,734230,0.000001361971044495594
10-69408916-G-A,splice_region_variant,,,,7,0,714134,0.000009802081962208773
10-69408917-C-T,splice_region_variant,,,,1,0,735066,0.0000013604220573390688
10-69408918-C-T,splice_region_variant,,,,1,0,735056,0.000001360440565072593
10-69408919-C-T,splice_region_variant,,,,11,0,735526,0.000014955283701731822
10-69408923-T-A,missense_variant,ENSP00000362403.4:p.Lys247Met,,,1,0,726060,0.0000013772966421507865
10-69408953-G-C,missense_variant,ENSP00000362403.4:p.Ala237Gly,,,1,0,735916,0.0000013588507383994913
10-69409087-G-A,5_prime_UTR_variant,,,,1,0,735926,0.0000013588322738971037
10-69409089-C-A,5_prime_UTR_variant,,,,2,0,735926,0.0000027176645477942074
10-69409089-C-G,5_prime_UTR_variant,,,,1,0,735926,0.0000013588322738971037
10-69409091-A-C,5_prime_UTR_variant,,,,1,0,735926,0.0000013588322738971037
10-69409101-A-T,5_prime_UTR_variant,,,,1,0,735926,0.0000013588322738971037
10-69409105-G-A,5_prime_UTR_variant,,,,6,0,735916,0.000008153104430396947
10-69409108-G-T,5_prime_UTR_variant,,,,43,0,735916,0.00005843058175117812
10-69409113-G-A,5_prime_UTR_variant,,,,1,0,735766,0.000001359127766164786
10-69409113-G-T,5_prime_UTR_variant,,,,1,0,735766,0.000001359127766164786
10-69409116-G-A,5_prime_UTR_variant,,,,2,0,735900,0.0000027177605652941975
10-69409117-G-T,5_prime_UTR_variant,,,,11,0,735898,0.00001494772373345219
10-69409120-A-G,5_prime_UTR_variant,,,,1,0,735832,0.0000013590058600332684
10-69409121-C-T,5_prime_UTR_variant,,,,1,0,735874,0.000001358928294789597
10-69409127-A-C,5_prime_UTR_variant,,,,1,0,735732,0.0000013591905748288778
10-69409136-G-A,5_prime_UTR_variant,,,,3,0,735350,0.000004079689943564289
10-69409139-C-T,5_prime_UTR_variant,,,,1,0,734882,0.0000013607626802670361
10-69409141-T-C,5_prime_UTR_variant,,,,5,0,734076,0.000006811283845269427
10-69409149-G-A,5_prime_UTR_variant,,,,4,0,732612,0.000005459916026491512
10-69409149-G-T,5_prime_UTR_variant,,,,1,0,732610,0.000001364982732968428
10-69409150-G-A,5_prime_UTR_variant,,,,1,0,732410,0.0000013653554702966918
10-69414872-C-T,intron_variant,,,,20,0,653250,0.000030616150019135094
10-69414873-G-A,intron_variant,,,,20,0,698300,0.000028640985249892597
10-69414874-C-T,intron_variant,,,,27,0,662862,0.000040732460150076485
10-69414875-G-A,intron_variant,,,,1,0,706816,0.0000014147953639985513
10-69414875-G-C,intron_variant,,,,1,0,706816,0.0000014147953639985513
10-69414880-T-TAC,intron_variant,,,,96,0,706712,0.00013584034231766263
10-69414880-T-TACACACACACACACAGACTC,intron_variant,,,,1,0,707436,0.0000014135554311626777
10-69414880-TAC-T,intron_variant,,,,15353,0,621314,0.02471053283846815
10-69414880-TACAC-T,intron_variant,,,,11,0,706666,0.00001556605242080417
10-69414882-C-G,intron_variant,,,,1,0,310406,0.0000032215872115874047
10-69414888-C-T,intron_variant,,,,4,0,728820,0.000005488323591558958
10-69414890-C-G,intron_variant,,,,4,0,730604,0.000005474922119232854
10-69414892-C-T,intron_variant,,,,1,0,731490,0.0000013670726872547813
10-69414897-ACT-A,intron_variant,,,,1,0,730592,0.0000013687530112566248
10-69414899-T-TCA,intron_variant,,,,3,0,718978,0.000004172589425545705
10-69414899-TCA-T,intron_variant,,,,118,0,714460,0.00016515970103294796
10-69414899-TCACA-T,intron_variant,,,,2,0,719186,0.0000027809217643280043
10-69414901-A-T,intron_variant,,,,1,0,676672,0.000001477820864466093
10-69414906-C-A,intron_variant,,,,4,0,734930,0.000005442695222674268
10-69414906-C-G,intron_variant,,,,1,0,734930,0.000001360673805668567
10-69414909-A-G,intron_variant,,,,1,0,735168,0.000001360233307216854
10-69414917-G-T,intron_variant,,,,1,0,735370,0.0000013598596624828317
10-69414918-C-T,intron_variant,,,,16698,201,735558,0.022701133017382722
10-69414925-C-G,intron_variant,,,,1,0,735904,0.0000013588728964647564
10-69414928-T-C,intron_variant,,,,1,0,735872,0.000001358931988171856
10-69414932-C-G,intron_variant,,,,1,0,735922,0.000001358839659637842
10-69414937-G-A,splice_region_variant,,,,4,0,735918,0.000005435388181835476
10-69414938-G-A,splice_region_variant,,,,1,0,735918,0.000001358847045458869
10-69414946-G-A,splice_region_variant,ENSP00000362403.4:p.Leu196=,,,13,0,735926,0.00001766481956066235
10-69415156-G-A,intron_variant,,,,1,0,735902,0.0000013588765895458906
10-69415163-C-A,intron_variant,,,,3,0,735840,0.000004076973255055447
10-69415163-C-T,intron_variant,,,,4,0,735840,0.000005435964340073929
10-69415164-G-A,intron_variant,,,,1,0,735754,0.0000013591499332657382
10-69415164-G-C,intron_variant,,,,1,0,735754,0.0000013591499332657382
10-69415165-G-T,intron_variant,,,,2,0,735716,0.0000027184402677119974
10-69415172-C-A,intron_variant,,,,1,0,735526,0.000001359571245611984
10-69415174-C-T,intron_variant,,,,1,0,735222,0.0000013601334018840568
10-69415178-T-C,intron_variant,,,,3,0,734398,0.0000040849784449304056
10-69415178-T-G,intron_variant,,,,4,0,734398,0.000005446637926573874
10-69415191-C-G,intron_variant,,,,2,0,729524,0.0000027415136445134086
10-69415191-C-T,intron_variant,,,,2,0,729524,0.0000027415136445134086
10-69415202-G-T,intron_variant,,,,1,0,721510,0.0000013859821762692132
10-69415206-C-T,intron_variant,,,,1,0,716338,0.0000013959890442779805
10-69415210-C-T,intron_variant,,,,1,0,711642,0.000001405200929680935
10-69415858-G-A,intron_variant,,,,1,0,716118,0.0000013964179087803965
10-69415859-G-T,intron_variant,,,,1,0,715550,0.0000013975263783103907
10-69415861-A-C,intron_variant,,,,1,0,721908,0.000001385218061027167
10-69415866-A-T,intron_variant,,,,1,0,727620,0.000001374343750858965
10-69415872-C-A,intron_variant,,,,2,0,732070,0.000002731979182318631
10-69415872-C-G,intron_variant,,,,9,0,732070,0.000012293906320433839
10-69415875-A-C,intron_variant,,,,2,0,730346,0.000002738428087509208
10-69415876-T-G,intron_variant,,,,2,0,730960,0.0000027361278318923062
10-69415878-T-G,intron_variant,,,,1,0,734128,0.0000013621602772268596
10-69415884-C-T,intron_variant,,,,11,0,733846,0.000014989520962163725
10-69415885-C-T,intron_variant,,,,12,0,733794,0.000016353363478033344
10-69415886-G-A,intron_variant,,,,6,0,735402,0.00000815880294043258
10-69415886-G-T,intron_variant,,,,1,0,735402,0.0000013598004900720967
10-69415893-T-C,intron_variant,,,,1,0,735776,0.000001359109294132997
10-69415896-G-A,intron_variant,,,,13,0,735834,0.000017667028161242888
10-69415897-G-T,intron_variant,,,,1,0,735878,0.0000013589209080853077
10-69415898-A-T,intron_variant,,,,1,0,735658,0.0000013593272961077023
10-69415903-C-T,intron_variant,,,,11,0,735282,0.00001496024654486306
10-69415904-C-T,intron_variant,,,,1,0,735736,0.0000013591831852729783
10-69415905-C-T,intron_variant,,,,14,0,735878,0.000019024892713194308
10-69415907-C-G,intron_variant,,,,10,0,735894,0.000013588913620711678
10-69415908-C-T,intron_variant,,,,5,0,735900,0.000006794401413235494
10-69415910-G-A,intron_variant,,,,2,0,735922,0.000002717679319275684
10-69415913-T-C,intron_variant,,,,1,0,735920,0.0000013588433525383194
10-69415916-C-G,intron_variant,,,,1,0,735926,0.0000013588322738971037
10-69415924-C-A,splice_region_variant,,,,2,0,735924,0.0000027176719335148736
10-69415924-C-T,splice_region_variant,,,,20,0,735924,0.000027176719335148737
10-69415925-C-T,splice_region_variant,,,,7,0,735924,0.000009511851767302058
10-69415926-T-C,splice_region_variant,,,,1,0,735926,0.0000013588322738971037
10-69416285-T-G,synonymous_variant,ENSP00000362403.4:p.Ser13=,,,306,0,725620,0.0004217083321848902
10-69416313-C-T,missense_variant,ENSP00000362403.4:p.Cys4Tyr,,,1,0,735926,0.0000013588322738971037
10-69416326-C-T,5_prime_UTR_variant,,,,1,0,735926,0.0000013588322738971037
10-69416329-CT-C,5_prime_UTR_variant,,,,8,0,735926,0.00001087065819117683
10-69416335-G-A,5_prime_UTR_variant,,,,1,0,735926,0.0000013588322738971037
10-69416349-G-A,5_prime_UTR_variant,,,,1,0,735926,0.0000013588322738971037
10-69416356-C-T,5_prime_UTR_variant,,,,4,0,735924,0.000005435343867029747
10-69416361-C-T,5_prime_UTR_variant,,,,29,0,735922,0.00003940635012949742
10-69416362-G-A,5_prime_UTR_variant,,,,36,0,735924,0.00004891809480326773
10-69416362-G-C,5_prime_UTR_variant,,,,1,0,735924,0.0000013588359667574368
10-69416364-C-G,5_prime_UTR_variant,,,,28,0,735924,0.00003804740706920823
10-69416366-C-T,5_prime_UTR_variant,,,,1,0,735926,0.0000013588322738971037
10-69416371-C-T,5_prime_UTR_variant,,,,1,0,735912,0.0000013588581243409538
10-69416372-G-A,5_prime_UTR_variant,,,,2,0,735904,0.0000027177457929295127
10-69416380-T-A,5_prime_UTR_variant,,,,1,0,735862,0.0000013589504553842976
10-69416381-A-G,5_prime_UTR_variant,,,,25,0,735770,0.00003397800943229542
10-69416386-A-G,5_prime_UTR_variant,,,,1,0,735634,0.0000013593716440512537
10-69416389-G-T,5_prime_UTR_variant,,,,1,0,735600,0.0000013594344752582926
10-69416396-C-T,5_prime_UTR_variant,,,,1,0,735126,0.0000013603110215119586
10-69416397-C-T,5_prime_UTR_variant,,,,4,0,734320,0.000005447216472382612
